thana	district
Gulshan	Dhaka
Banani	Dhaka
Baridhara	Dhaka
Badda	Dhaka
Uttara	Dhaka
Mirpur	Dhaka
Mohammadpur	Dhaka
Tejgaon	Dhaka
Tejgaon Industrial Area	Dhaka
Dhanmondi	Dhaka
Lalbagh	Dhaka
Kafrul	Dhaka
Cantonment	Dhaka
Airport	Dhaka
Ramna	Dhaka
Motijheel	Dhaka
Paltan	Dhaka
Sabujbagh	Dhaka
Khilgaon	Dhaka
Rampura	Dhaka
Jatrabari	Dhaka
Mugda	Dhaka
Wari	Dhaka
Demra	Dhaka
Shyampur	Dhaka
Kamrangirchar	Dhaka
Adabor	Dhaka
Hazaribagh	Dhaka
Shahbag	Dhaka
Banglamotor	Dhaka
Khilkhet	Dhaka
Bosila	Dhaka
Niketan	Dhaka
Notun Bazar	Dhaka
Bashundhara R/A	Dhaka
Bashundhara	Dhaka
Nakhalpara	Dhaka
Zigatola	Dhaka
Banasree	Dhaka
Aftabnagar	Dhaka
Nikunja	Dhaka
Baridhara DOHS	Dhaka
Mohakhali	Dhaka
Mohakhali DOHS	Dhaka
Banani DOHS	Dhaka
Sher-E-Bangla Nagar	Dhaka
Agargaon	Dhaka
Shyamoli	Dhaka
Shewrapara	Dhaka
Kazipara	Dhaka
Kallyanpur	Dhaka
Kochukhet	Dhaka
Azimpur	Dhaka
Shankhari Bazar	Dhaka
Sutrapur	Dhaka
Tikatuli	Dhaka
Jatrabari Kazla	Dhaka
Matuail	Dhaka
Dania	Dhaka
Jurain	Dhaka
Shonir Akhra	Dhaka
Keraniganj	Dhaka
Savar	Dhaka
Dhamrai	Dhaka
Ashulia	Dhaka
Hemayetpur	Dhaka
Tongi	Gazipur
Joydebpur	Gazipur
Kaliakair	Gazipur
Kaliganj	Gazipur
Sreepur	Gazipur
Siddhirganj	Narayanganj
Bandar	Narayanganj
Fatulla	Narayanganj
Rupganj	Narayanganj
Araihazar	Narayanganj
Manikganj Sadar	Manikganj
Munshiganj Sadar	Munshiganj
Sirajdikhan	Munshiganj
Gazaria	Munshiganj
Narsingdi Sadar	Narshingdi
Madhabdi	Narshingdi
Palash	Narshingdi
Kishoreganj Sadar	Kishoreganj
Bhairab	Kishoreganj
Tangail Sadar	Tangail
Madhupur	Tangail
Kotwali	Chattogram
Panchlaish	Chattogram
Double Mooring	Chattogram
Pahartali	Chattogram
Halishahar	Chattogram
Patenga	Chattogram
Bakalia	Chattogram
Bandar Thana	Chattogram
Chandgaon	Chattogram
Akbar Shah	Chattogram
Bayazid	Chattogram
Khulshi	Chattogram
EPZ	Chattogram
Ambagan	Chattogram
Kotwali Comilla	Comilla
Adarsa Sadar	Comilla
Daudkandi	Comilla
Brahmanbaria Sadar	Brahmanbaria
Ashuganj	Brahmanbaria
Feni Sadar	Feni
Noakhali Sadar	Noakhali
Begumganj	Noakhali
Lakshmipur Sadar	Lakshmipur
Raipur	Lakshmipur
Kotwali Sylhet	Sylhet
South Surma	Sylhet
Moglabazar	Sylhet
Subidbazar	Sylhet
Beanibazar	Sylhet
Golapganj	Sylhet
Moulvibazar Sadar	Moulvibazar
Sreemangal	Moulvibazar
Habiganj Sadar	Habiganj
Madhabpur	Habiganj
Sunamganj Sadar	Sunamganj
Khulna Kotwali	Khulna
Khalishpur	Khulna
Daulatpur	Khulna
Sonadanga	Khulna
Jessore Sadar	Jashore
Jhikargacha	Jashore
Satkhira Sadar	Satkhira
Bagerhat Sadar	Bagerhat
Kushtia Sadar	Kushtia
Chuadanga Sadar	Chuadanga
Meherpur Sadar	Meherpur
Jhenaidah Sadar	Jhenaidah
Magura Sadar	Magura
Narail Sadar	Narail
Boalia	Rajshahi
Motihar	Rajshahi
Rajpara	Rajshahi
Shah Makhdum	Rajshahi
Chapainawabganj Sadar	Chapainawabganj
Naogaon Sadar	Naogaon
Natore Sadar	Natore
Pabna Sadar	Pabna
Sirajganj Sadar	Sirajganj
Bogura Sadar	Bogura
Barishal Kotwali	Barishal
Airport Barishal	Barishal
Patuakhali Sadar	Patuakhali
Barguna Sadar	Barguna
Jhalokathi Sadar	Jhalokathi
Pirojpur Sadar	Pirojpur
Bhola Sadar	Bhola
Rangpur Sadar	Rangpur
Dinajpur Sadar	Dinajpur
Nilphamari Sadar	Nilphamari
Lalmonirhat Sadar	Lalmonirhat
Kurigram Sadar	Kurigram
Gaibandha Sadar	Gaibandha
Thakurgaon Sadar	Thakurgaon
Panchagarh Sadar	Panchagarh
